{
  "fill-specializations" : [
    {
      "value" : "automatic"
    },
    {
      "appearance" : "dark",
      "value" : "automatic"
    }
  ],
  "groups" : [
    {
      "blur-material" : null,
      "layers" : [
        {
          "blend-mode-specializations" : [
            {
              "value" : "screen"
            },
            {
              "appearance" : "tinted",
              "value" : "normal"
            }
          ],
          "fill" : "automatic",
          "glass" : true,
          "image-name" : "未命名 2.png",
          "name" : "未命名 2",
          "position" : {
            "scale" : 1.2,
            "translation-in-points" : [
              0,
              0
            ]
          }
        }
      ],
      "lighting" : "individual",
      "shadow" : {
        "kind" : "neutral",
        "opacity" : 0.5
      },
      "specular" : true,
      "translucency" : {
        "enabled" : true,
        "value" : 0.5
      }
    }
  ],
  "supported-platforms" : {
    "squares" : "shared"
  }
}